question , intent
អគារ នៅ Inovation Center បង្កើត ឡើង សម្រាប់ ធ្វើ អ្វី ខ្លះ ? , Ask Building Information InCADT
អគារ ខេត មាន ប៉ុន្មាន ? , Ask Building Information InCADT
អគារ CADT មាន សរុប ប៉ុន្មាន ? , Ask Building Information InCADT
អគារ ខេត មាន សរុប ប៉ុន្មាន ? , Ask Building Information InCADT
អគារ CADT មាន ម៉ាន ? , Ask Building Information InCADT
អគារ ខេត មាន ម៉ាន ? , Ask Building Information InCADT
អគារ CADT មាន ប៉ុន្មាន ? , Ask Building Information InCADT
អគារ នៅ អុីននូវេសុិន សេនធឺ បង្កើត ឡើង សម្រាប់ ធ្វើ អ្វី ខ្លះ ? , Ask Building Information InCADT
អគារ នៅ Inovation Center បង្កើត ឡើង សម្រាប់ ធ្វើ អ្វី ? , Ask Building Information InCADT
អគារ នៅ អុីននូវេសុិន សេនធឺ បង្កើត ឡើង សម្រាប់ ធ្វើ អ្វី ? , Ask Building Information InCADT
អគារ នៅ Inovation Center បង្កើត ឡើង ដើម្បី អ្វី ខ្លះ ? , Ask Building Information InCADT
អគារ នៅ អុីននូវេសុិន សេនធឺ បង្កើត ឡើង ដើម្បី អ្វី ខ្លះ ? , Ask Building Information InCADT
អគារ នៅ Inovation Center បង្កើត ឡើង ដើម្បី អ្វី ? , Ask Building Information InCADT
អគារ នៅ អុីននូវេសុិន សេនធឺ បង្កើត ឡើង ដើម្បី អ្វី ? , Ask Building Information InCADT
អគារ នៅ Inovation Centerសាង សង ឡើង សម្រាប់ ធ្វើ អ្វី ខ្លះ ? , Ask Building Information InCADT
អគារ នៅ អុីននូវេសុិន សេនធឺសាង សង ឡើង សម្រាប់ ធ្វើ អ្វី ខ្លះ ? , Ask Building Information InCADT
អគារ នៅ Inovation Centerសាង សង ឡើង សម្រាប់ ធ្វើ អ្វី ? , Ask Building Information InCADT
អគារ នៅ អុីននូវេសុិន សេនធឺសាង សង ឡើង សម្រាប់ ធ្វើ អ្វី ? , Ask Building Information InCADT
អគារ នៅ Inovation Centerសាង សង ឡើង ដើម្បី អ្វី ខ្លះ ? , Ask Building Information InCADT
អគារ នៅ អុីននូវេសុិន សេនធឺសាងសង ឡើង ដើម្បី អ្វី ខ្លះ ? , Ask Building Information InCADT
អគារ នៅ Inovation Centerសាង សង ឡើង ដើម្បី អ្វី ? , Ask Building Information InCADT
អគារ នៅ អុីននូវេសុិន សេនធឺសាងសង ឡើង ដើម្បី អ្វី ? , Ask Building Information InCADT
