question,intent
នៅឯណាមាន?,FindToilet
មាននៅឯណា?,FindToilet
មាននៅឯណាខ្លះ?,FindToilet
នៅឯណាខ្លះមាន?,FindToilet
មាននៅកន្លែងណា?,FindToilet
នៅកន្លែងណាមាន?,FindToilet
មាននៅកន្លែងណាខ្លះ?,FindToilet
នៅកន្លែងណាខ្លះមាន?,FindToilet
កន្លែងបន្ទោបងមាននៅឯណា?,FindToilet
នៅឯណាមានកន្លែងបន្ទោបង?,FindToilet
កន្លែងបន្ទោបងមាននៅឯណាខ្លះ?,FindToilet
នៅឯណាខ្លះមានកន្លែងបន្ទោបង?,FindToilet
កន្លែងបន្ទោបងមាននៅកន្លែងណា?,FindToilet
នៅកន្លែងណាមានកន្លែងបន្ទោបង?,FindToilet
កន្លែងបន្ទោបងមាននៅកន្លែងណាខ្លះ?,FindToilet
នៅកន្លែងណាខ្លះមានកន្លែងបន្ទោបង?,FindToilet
កន្លែងរំដោះទុក្ខសត្វមាននៅឯណា?,FindToilet
នៅឯណាមានកន្លែងរំដោះទុក្ខសត្វ?,FindToilet
កន្លែងរំដោះទុក្ខសត្វមាននៅឯណាខ្លះ?,FindToilet
នៅឯណាខ្លះមានកន្លែងរំដោះទុក្ខសត្វ?,FindToilet
កន្លែងរំដោះទុក្ខសត្វមាននៅកន្លែងណា?,FindToilet
នៅកន្លែងណាមានកន្លែងរំដោះទុក្ខសត្វ?,FindToilet
កន្លែងរំដោះទុក្ខសត្វមាននៅកន្លែងណាខ្លះ?,FindToilet
នៅកន្លែងណាខ្លះមានកន្លែងរំដោះទុក្ខសត្វ?,FindToilet
បន្ទោបងមាននៅឯណា?,FindToilet
នៅឯណាមានបន្ទោបង?,FindToilet
បន្ទោបងមាននៅឯណាខ្លះ?,FindToilet
នៅឯណាខ្លះមានបន្ទោបង?,FindToilet
បន្ទោបងមាននៅកន្លែងណា?,FindToilet
នៅកន្លែងណាមានបន្ទោបង?,FindToilet
បន្ទោបងមាននៅកន្លែងណាខ្លះ?,FindToilet
នៅកន្លែងណាខ្លះមានបន្ទោបង?,FindToilet
បន្ទប់ទឹកមាននៅឯណា?,FindToilet
នៅឯណាមានបន្ទប់ទឹក?,FindToilet
បន្ទប់ទឹកមាននៅឯណាខ្លះ?,FindToilet
នៅឯណាខ្លះមានបន្ទប់ទឹក?,FindToilet
បន្ទប់ទឹកមាននៅកន្លែងណា?,FindToilet
នៅកន្លែងណាមានបន្ទប់ទឹក?,FindToilet
បន្ទប់ទឹកមាននៅកន្លែងណាខ្លះ?,FindToilet
នៅកន្លែងណាខ្លះមានបន្ទប់ទឹក?,FindToilet
កន្លែងនោមមាននៅឯណា?,FindToilet
នៅឯណាមានកន្លែងនោម?,FindToilet
កន្លែងនោមមាននៅឯណាខ្លះ?,FindToilet
នៅឯណាខ្លះមានកន្លែងនោម?,FindToilet
កន្លែងនោមមាននៅកន្លែងណា?,FindToilet
នៅកន្លែងណាមានកន្លែងនោម?,FindToilet
កន្លែងនោមមាននៅកន្លែងណាខ្លះ?,FindToilet
នៅកន្លែងណាខ្លះមានកន្លែងនោម?,FindToilet
កន្លែងឈឺនោមមាននៅឯណា?,FindToilet
នៅឯណាមានកន្លែងឈឺនោម?,FindToilet
កន្លែងឈឺនោមមាននៅឯណាខ្លះ?,FindToilet
នៅឯណាខ្លះមានកន្លែងឈឺនោម?,FindToilet
កន្លែងឈឺនោមមាននៅកន្លែងណា?,FindToilet
នៅកន្លែងណាមានកន្លែងឈឺនោម?,FindToilet
កន្លែងឈឺនោមមាននៅកន្លែងណាខ្លះ?,FindToilet
នៅកន្លែងណាខ្លះមានកន្លែងឈឺនោម?,FindToilet
កន្លែងឈឺអាចម៍មាននៅឯណា?,FindToilet
នៅឯណាមានកន្លែងឈឺអាចម៍?,FindToilet
កន្លែងឈឺអាចម៍មាននៅឯណាខ្លះ?,FindToilet
នៅឯណាខ្លះមានកន្លែងឈឺអាចម៍?,FindToilet
កន្លែងឈឺអាចម៍មាននៅកន្លែងណា?,FindToilet
នៅកន្លែងណាមានកន្លែងឈឺអាចម៍?,FindToilet
កន្លែងឈឺអាចម៍មាននៅកន្លែងណាខ្លះ?,FindToilet
នៅកន្លែងណាខ្លះមានកន្លែងឈឺអាចម៍?,FindToilet
កន្លែងបត់ជើងមាននៅឯណា?,FindToilet
នៅឯណាមានកន្លែងបត់ជើង?,FindToilet
កន្លែងបត់ជើងមាននៅឯណាខ្លះ?,FindToilet
នៅឯណាខ្លះមានកន្លែងបត់ជើង?,FindToilet
កន្លែងបត់ជើងមាននៅកន្លែងណា?,FindToilet
នៅកន្លែងណាមានកន្លែងបត់ជើង?,FindToilet
កន្លែងបត់ជើងមាននៅកន្លែងណាខ្លះ?,FindToilet
នៅកន្លែងណាខ្លះមានកន្លែងបត់ជើង?,FindToilet
កន្លែងបត់ជើងតូចមាននៅឯណា?,FindToilet
នៅឯណាមានកន្លែងបត់ជើងតូច?,FindToilet
កន្លែងបត់ជើងតូចមាននៅឯណាខ្លះ?,FindToilet
នៅឯណាខ្លះមានកន្លែងបត់ជើងតូច?,FindToilet
កន្លែងបត់ជើងតូចមាននៅកន្លែងណា?,FindToilet
នៅកន្លែងណាមានកន្លែងបត់ជើងតូច?,FindToilet
កន្លែងបត់ជើងតូចមាននៅកន្លែងណាខ្លះ?,FindToilet
នៅកន្លែងណាខ្លះមានកន្លែងបត់ជើងតូច?,FindToilet
កន្លែងបត់ជើងធំមាននៅឯណា?,FindToilet
នៅឯណាមានកន្លែងបត់ជើងធំ?,FindToilet
កន្លែងបត់ជើងធំមាននៅឯណាខ្លះ?,FindToilet
នៅឯណាខ្លះមានកន្លែងបត់ជើងធំ?,FindToilet
កន្លែងបត់ជើងធំមាននៅកន្លែងណា?,FindToilet
នៅកន្លែងណាមានកន្លែងបត់ជើងធំ?,FindToilet
កន្លែងបត់ជើងធំមាននៅកន្លែងណាខ្លះ?,FindToilet
នៅកន្លែងណាខ្លះមានកន្លែងបត់ជើងធំ?,FindToilet
កន្លែងជុះអាចម៍មាននៅឯណា?,FindToilet
នៅឯណាមានកន្លែងជុះអាចម៍?,FindToilet
កន្លែងជុះអាចម៍មាននៅឯណាខ្លះ?,FindToilet
នៅឯណាខ្លះមានកន្លែងជុះអាចម៍?,FindToilet
កន្លែងជុះអាចម៍មាននៅកន្លែងណា?,FindToilet
នៅកន្លែងណាមានកន្លែងជុះអាចម៍?,FindToilet
កន្លែងជុះអាចម៍មាននៅកន្លែងណាខ្លះ?,FindToilet
នៅកន្លែងណាខ្លះមានកន្លែងជុះអាចម៍?,FindToilet
កន្លែងជុះនោមមាននៅឯណា?,FindToilet
នៅឯណាមានកន្លែងជុះនោម?,FindToilet
កន្លែងជុះនោមមាននៅឯណាខ្លះ?,FindToilet
នៅឯណាខ្លះមានកន្លែងជុះនោម?,FindToilet
កន្លែងជុះនោមមាននៅកន្លែងណា?,FindToilet
នៅកន្លែងណាមានកន្លែងជុះនោម?,FindToilet
កន្លែងជុះនោមមាននៅកន្លែងណាខ្លះ?,FindToilet
នៅកន្លែងណាខ្លះមានកន្លែងជុះនោម?,FindToilet
